timestamp,symbol,open,high,low,close,volume
2016-06-30,MU,12.19896561503057,13.807941667977829,11.799158261156906,13.417888641357422,388104000
2016-07-31,MU,12.26722560614493,14.519792127985541,11.214076274110562,13.398385047912598,612699700
2016-08-31,MU,13.466643655738643,16.821117428835365,12.696288795656146,16.08000946044922,529876300
2016-09-30,MU,16.197027290722318,17.70849552516647,15.894733460568766,17.337940216064453,541893500
2016-10-31,MU,17.54271663095076,17.87426134097627,15.767967253965042,16.733352661132812,539021800
2016-11-30,MU,16.77235640945879,19.931806685258522,16.04100818994856,19.044429779052734,537962500
2016-12-31,MU,19.21019695730527,23.052240349624224,17.72798847821903,21.375011444091797,631648600
2017-01-31,MU,21.52127448885217,23.63732698979858,20.95569943114906,23.510555267333984,446792700
2017-02-28,MU,23.82260185870109,24.680720643941942,22.07710490311711,22.857215881347656,485701900
2017-03-31,MU,23.559310495765448,29.12735231755857,23.47154801427224,28.181467056274414,728136900
2017-04-30,MU,28.230218940929333,28.317981426087044,25.70461353001037,26.982044219970703,460534300
2017-05-31,MU,27.157570893990684,30.326765735625624,26.289700357099516,30.00497055053711,509130600
2017-06-30,MU,29.985466682507496,32.14051580269812,28.48375200814752,29.11759376525879,772196700
2017-07-31,MU,29.34187789101693,31.545685407530566,27.177075978008144,27.420860290527344,562428900
2017-08-31,MU,27.518370142419887,31.22389836427005,26.182437576056078,31.175140380859375,543420400
2017-09-30,MU,31.331156846323072,38.381402890629055,30.86309018348078,38.352149963378906,731488700
2017-10-31,MU,38.61542981647079,43.46186610519193,37.84508175358486,43.20833206176758,834077600
2017-11-30,MU,43.67640222882003,48.64958471990021,40.8192456504685,41.33606719970703,695153200
2017-12-31,MU,40.692472847331054,45.63641923393665,38.09861981938424,40.09763717651367,895252000
2018-01-31,MU,40.507196762583845,45.81194399216263,40.16589653947238,42.63299560546875,831013900
2018-02-28,MU,41.96990317133923,48.230280059173026,36.58715025391531,47.59644317626953,831358900
2018-03-31,MU,47.55743276975008,61.84320343311482,44.807562229650465,50.843658447265625,1549894000
2018-04-30,MU,50.25857908975125,52.92069396345213,44.19320933877856,44.83679962158203,1075226000
2018-05-31,MU,44.45650916114874,63.052368409024005,44.202967659534906,56.158145904541016,1159858400
2018-06-30,MU,57.347823213961135,60.994825432222584,50.50235298028136,51.13618850708008,1034243300
2018-07-31,MU,50.239064260288416,56.704226074205906,48.854367729852505,51.47748947143555,730418300
2018-08-31,MU,51.350725109111934,52.345362673233694,44.485753347002984,51.21420669555664,696140700
2018-09-30,MU,50.84365196898615,50.99967376898884,39.66858548821027,44.10546112060547,880109200
2018-10-31,MU,44.31022603370028,45.529161977501936,32.97914422848069,36.78217315673828,821867500
2018-11-30,MU,37.03571208099057,40.399938806817,33.20341705907003,37.60129165649414,560230000
2018-12-31,MU,39.2005157042932,39.23952208458067,27.684145233083303,30.94110107421875,739529700
2019-01-31,MU,30.229255035633347,38.33264470410971,29.985470720829852,37.269744873046875,771128400
2019-02-28,MU,37.35751223270937,42.89628646335985,36.431127589982296,39.863609313964844,610094300
2019-03-31,MU,40.60470181991773,43.11081749374576,35.660761901596025,40.30241775512695,684548300
2019-04-30,MU,41.21905000440118,43.73489466627075,39.75634178097554,41.0142707824707,482889100
2019-05-31,MU,41.37507118358307,42.30144928827719,31.370154700705072,31.79922103881836,566679000
2019-06-30,MU,32.13076741355065,38.42041297505364,31.340908511986726,37.630550384521484,636770700
2019-07-31,MU,40.13665208206665,47.48918382939393,37.8353192899843,43.773902893066406,671561700
2019-08-31,MU,43.88116937623923,44.81730009683432,39.68808557589372,44.14445877075195,501560900
2019-09-30,MU,43.49111520253305,50.112296825164705,41.521342246159755,41.78462600708008,496512600
2019-10-31,MU,42.02840369532184,47.94749967263451,40.711970218125835,46.36777877807617,420844300
2019-11-30,MU,46.2995105611637,48.65934954625736,43.92018496970735,46.32876205444336,318007000
2019-12-31,MU,46.38727642379493,54.71494086968865,43.44236743664636,52.442874908447266,509033300
2020-01-31,MU,53.486276707003654,59.054305989759136,51.38972808544852,51.7700309753418,511028800
2020-02-29,MU,51.92605340760715,59.66864456240249,47.18689850020451,51.25322341918945,511448300
2020-03-31,MU,51.87729098261515,54.22738541290904,30.356015798493946,41.0142707824707,826348600
2020-04-30,MU,39.541818183851625,48.89337748563353,38.35215316484554,46.699317932128906,595404300
2020-05-31,MU,45.20735565298146,48.34730415586436,41.45308212769425,46.71881866455078,493363200
2020-06-30,MU,46.30926395463063,53.457026059327625,44.43700418814377,50.23907470703125,519296700
2020-07-31,MU,50.239062690957844,52.85243400488459,46.75782423084181,48.81537628173828,403345200
2020-08-31,MU,49.13716125488281,50.20006112119648,41.199539538816516,44.37849044799805,390850500
2020-09-30,MU,44.39800278923648,50.87290104412035,43.34484244122095,45.792442321777344,454161000
2020-10-31,MU,45.92895688950691,53.48626214032431,45.343879230042475,49.088409423828125,351347600
2020-11-30,MU,49.527213716501706,63.62769891781395,48.21077641248834,62.49653625488281,324978800
2020-12-31,MU,63.62770560296441,73.79839017669617,63.52043991021965,73.31082153320312,359166400
2021-01-31,MU,74.57849162517323,85.08072239767291,71.91636396362536,76.32398223876953,420844300
2021-02-28,MU,77.61117860376076,90.78527147805502,76.52878298298141,89.25428771972656,299167500
2021-03-31,MU,92.18946796314412,93.36938303351837,78.4887612254546,86.016845703125,543971500
2021-04-30,MU,90.68774642175549,94.54931206103608,81.81402298408278,83.93006134033203,413859600
2021-05-31,MU,84.80769599051054,84.84670237703197,74.26643991076267,82.04804229736328,365378500
2021-06-30,MU,82.80863729642655,83.62775629494666,73.82764415754787,82.86715698242188,420930800
2021-07-31,MU,80.195272046521,80.20502550052008,70.70718849876586,75.65115356445312,400294300
2021-08-31,MU,77.07485717144024,81.0241372691593,67.09918751986532,71.86759948730469,504958200
2021-09-30,MU,72.47218092681577,73.99341465821055,68.47413269922018,69.3119888305664,367832600
2021-10-31,MU,69.66352807175112,69.98579000499974,64.12677884881842,67.47614288330078,349953400
2021-11-30,MU,67.34921783985278,85.64885492553287,67.31992402680312,82.02601623535156,404881700
2021-12-31,MU,84.5160807213753,94.47639080366395,78.63755737758409,91.0579833984375,457934400
2022-01-31,MU,91.80091393993578,96.23892940426336,73.82392021777432,80.42231750488281,430133600
2022-02-28,MU,80.35390653599808,94.33274960517883,78.0468988370108,86.86431884765625,392007100
2022-03-31,MU,86.57108763594303,91.95733168941405,66.80517171880594,76.14068603515625,646507100
2022-04-30,MU,76.66857686242047,77.13780004388275,64.46887077907273,66.74961853027344,409248700
2022-05-31,MU,66.72027865793461,73.1514957258267,64.47863955428349,72.28028869628906,364781700
2022-06-30,MU,72.92635990450965,73.81711770690814,52.46781551693211,54.11233139038086,389260400
2022-07-31,MU,52.16436918945,62.456953447111154,50.31429179715014,60.67190170288086,374868500
2022-08-31,MU,61.299623086689024,64.16353916043562,54.512523754619735,55.444271087646484,321354400
2022-09-30,MU,54.19867046240956,57.670677619042266,47.51946026962628,49.13776779174805,419989300
2022-10-31,MU,50.03029140762846,56.45566304769773,49.46750639954356,53.17289352416992,431925200
2022-11-30,MU,54.14593801685776,63.33570587752039,51.02043115120182,56.66206359863281,321060800
2022-12-31,MU,56.83897370064021,56.92742777846409,47.60006825295467,49.23528289794922,348917000
2023-01-31,MU,49.80664768706512,63.38132555556358,48.81169477575076,59.401519775390625,298584700
2023-02-28,MU,59.716754256414305,62.96758856113706,55.9832263517304,56.95847702026367,232074400
2023-03-31,MU,56.997874750442996,63.46013550491545,51.97386864768846,59.4409294128418,422899600
2023-04-30,MU,58.91882630385404,63.60811715285217,55.17544192685604,63.52914810180664,352927800
2023-05-31,MU,63.06522168639748,73.80476759917947,58.78125394484723,67.319580078125,414589600
2023-06-30,MU,68.05003963921665,69.63925143921959,62.088007568593724,62.29529571533203,380391500
2023-07-31,MU,62.62103155458792,71.54050675018578,59.71898798441998,70.60100555419922,280190900
2023-08-31,MU,70.21530407330515,70.29442171969848,61.067538753010915,69.16702270507812,282769700
2023-09-30,MU,69.43403435607266,71.51082737091623,63.12455429766131,67.27812957763672,304134400
2023-10-31,MU,67.48580466498952,70.0550812593491,63.27939246576397,66.24129486083984,259597900
2023-11-30,MU,66.37004629415361,78.27701979222157,66.37004629415361,75.40431213378906,262917500
2023-12-31,MU,75.29534461245545,87.04382915579585,72.24430440457981,84.65081024169922,314542100
2024-01-31,MU,83.32163134511957,89.31286512492085,79.92926983310666,85.05750274658203,296484900
2024-02-29,MU,85.3749167373154,92.0009792371652,78.51079777336618,89.87825775146484,286739600
2024-03-31,MU,91.17768795178819,121.47104559430907,89.57077851588711,117.05081939697266,573667200
2024-04-30,MU,118.35150382752028,129.61078798743225,104.96746552831918,112.15592193603516,537885200
2024-05-31,MU,109.73329117592573,132.35115212026395,107.97589375542734,124.11022186279297,336503700
2024-06-30,MU,127.21795893275544,156.41859478757038,124.25916762521912,130.59371948242188,537822600
2024-07-31,MU,129.5710728661683,136.1538731456962,101.53145202121209,109.1336441040039,498022600
2024-08-31,MU,106.51014136401359,110.30627269252714,84.37931658700094,95.63851165771484,515680800
2024-09-30,MU,93.04482378239324,114.0825245045915,83.59426326208813,103.06183624267578,603284300
2024-10-31,MU,102.75377471636514,113.55435511170737,98.32164962547334,99.13871002197266,443630700
2024-11-30,MU,99.4869035361665,113.71353874769937,95.03984514766292,97.44742584228516,322870300
2024-12-31,MU,97.09921950182571,111.46513940857056,83.11137445831798,83.83696746826172,574561300
2025-01-31,MU,84.65381844834478,110.2452129113282,84.41473418566737,90.8897933959961,530661800
2025-02-28,MU,88.30973758471046,107.46591662099645,87.0147202613084,93.27062225341797,349149400
2025-03-31,MU,95.44225085408566,104.288160311022,83.8862712663042,86.66918182373047,489816600
2025-04-30,MU,88.30501523965086,89.7014616873925,61.383599614875635,76.75444030761719,620142100
2025-05-31,MU,79.19822746451409,99.37680306472767,77.44269790727874,94.2199478149414,374814000
2025-06-30,MU,94.33963904084393,129.52001633682465,94.16009618306457,122.93677520751953,506275700
2025-07-31,MU,122.03905996527712,125.94785907032757,106.76862420840526,108.96509552001953,485942300
2025-08-31,MU,105.32096009259571,128.39392481474198,103.21434055919525,118.81929779052734,378664400
2025-09-30,MU,115.67434153318575,170.17685192055103,114.06692085746202,167.0518798828125,576098500
2025-10-31,MU,165.33462730297458,232.17288931669233,165.234781462133,223.55133056640625,551239000
2025-11-30,MU,233.65146654717591,260.3253463021206,192.40180226044018,236.24891662597656,537127400
2025-12-31,MU,232.06299193783067,298.6585525437395,221.4733625059069,285.24627685546875,579404500
2026-01-31,MU,294.96070539878707,455.2386907026428,294.6908407625547,414.6419982910156,749894600
2026-02-28,MU,411.9435595687579,442.17620767974205,363.6912637248487,412.1334533691406,671671800
2026-03-31,MU,401.2397011646354,471.0696217040618,311.442100475299,337.7880554199219,1023284500
2026-04-30,MU,348.85633726392524,535.4176508639232,340.1476822566628,517.0804443359375,871436500
2026-05-31,MU,511.701303890077,980.849170500169,510.13153798121783,970.8507080078125,1117340200
2026-06-30,MU,1009.5647539871434,1149.2532401330302,854.218593891356,1133.8155517578125,751348600
2016-06-30,NVDA,1.1637322989664693,1.1899641303437931,1.0926388759074828,1.1524556875228882,3605340000
2016-07-31,NVDA,1.1460820338311415,1.4034901709363006,1.1284308546927708,1.399812936782837,7210052000
2016-08-31,NVDA,1.405697328661258,1.5567099937898792,1.360589315880871,1.506528377532959,9305120000
2016-09-30,NVDA,1.5077564476065628,1.6993273184122495,1.4077962078848354,1.68287193775177,8665252000
2016-10-31,NVDA,1.6828715548933284,1.7916741526980744,1.564490799545121,1.747710943222046,6551568000
2016-11-30,NVDA,1.754096172388507,2.3428704202241324,1.6352241824784874,2.267849922180176,12767464000
2016-12-31,NVDA,2.265389794381926,2.949926794563311,2.0850933488844428,2.625490665435791,18082228000
2017-01-31,NVDA,2.567933520831202,2.7521660797017424,2.437815583452183,2.6855077743530273,13396840000
2017-02-28,NVDA,2.7199438472854753,2.974277222661696,2.3569101208376817,2.4992599487304688,14206788000
2017-03-31,NVDA,2.5561526385823554,2.709092644233003,2.343857183376024,2.6827392578125,14288960000
2017-04-30,NVDA,2.6832322814799165,2.7004718806496664,2.3517372608184814,2.5687122344970703,9572572000
2017-05-31,NVDA,2.5795485091476182,3.624145464777477,2.519702319395996,3.558812379837036,19209444000
2017-06-30,NVDA,3.574589692354118,4.154207656831671,3.503587015872353,3.5639891624450684,23445520000
2017-07-31,NVDA,3.5760698657803007,4.18946357518036,3.4165580902878263,4.006530284881592,15491016000
2017-08-31,NVDA,3.9971600679360977,4.30361243291813,3.769850406464079,4.181060314178467,14728216000
2017-09-30,NVDA,4.193645373682579,4.71800471658635,4.014991946187767,4.411284446716309,14447336000
2017-10-31,NVDA,4.461376193978597,5.1298425725651375,4.367608538186016,5.1031928062438965,11422664000
2017-11-30,NVDA,5.165868281800248,5.39584810052816,4.722022802902683,4.956111907958984,11830896000
2017-12-31,NVDA,4.921539392321579,4.945985811813881,4.459042279988659,4.778075695037842,10112216000
2018-01-31,NVDA,4.83437689051606,6.15519962744378,4.802770377943248,6.069515228271484,11456216000
2018-02-28,NVDA,5.889750569156849,6.221870126610777,5.037351723344579,5.979395866394043,14915528000
2018-03-31,NVDA,5.9771714232388495,6.288246825296772,5.361688892153834,5.722182273864746,14118440000
2018-04-30,NVDA,5.651763333448893,5.9114489056879815,5.196144285664577,5.556884765625,11144008000
2018-05-31,NVDA,5.548729654613741,6.43649655258147,5.490170775009389,6.235025882720947,11978240000
2018-06-30,NVDA,6.279774631680784,6.655572522514355,5.810275503778183,5.857004165649414,8785540000
2018-07-31,NVDA,5.787529237669018,6.344055379676381,5.767008669583508,6.0538010597229,6321876000
2018-08-31,NVDA,6.085199895430065,6.968920613673174,5.90199850904991,6.9431939125061035,10917836000
2018-09-30,NVDA,6.930083591166378,7.055500412361464,6.398979280763885,6.951605319976807,6340200000
2018-10-31,NVDA,7.029279494349549,7.2420157443280875,4.353968323409663,5.215311050415039,12977976000
2018-11-30,NVDA,5.251674635167855,5.491624699134181,3.297695827476737,4.046820163726807,16162340000
2018-12-31,NVDA,4.273886762475256,4.325391352126382,3.0818536480594196,3.3057003021240234,12451408000
2019-01-31,NVDA,3.2348806952661846,3.9836773043289115,3.1618336982213986,3.5595083236694336,16870992000
2019-02-28,NVDA,3.578080602432838,4.092629906107369,3.5305380789283696,3.8236923217773438,11445728000
2019-03-31,NVDA,3.8735140741506693,4.585653881326078,3.589203500745577,4.450810432434082,12068540000
2019-04-30,NVDA,4.542524769376166,4.795603844960344,4.295641659746213,4.486505031585693,9437780000
2019-05-31,NVDA,4.53880668205535,4.582432123842187,3.3597853510032443,3.3615224361419678,11180752000
2019-06-30,NVDA,3.3726901373838083,4.103757460552952,3.2905506069540187,4.075467586517334,8233340000
2019-07-31,NVDA,4.2824312563687,4.4392638473480694,3.8464204006280878,4.186890125274658,8415984000
2019-08-31,NVDA,4.197312436118388,4.304266701141818,3.657573047446917,4.160976886749268,9450328000
2019-09-30,NVDA,4.088196075544937,4.679887606082754,4.055158786595906,4.323929309844971,6347768000
2019-10-31,NVDA,4.347029115348665,5.189112078588046,4.226058665558821,4.993372917175293,7696172000
2019-11-30,NVDA,4.958099442770782,5.499864084447164,4.933010903968749,5.387831687927246,7321800000
2019-12-31,NVDA,5.38087103973987,6.01103291680676,4.980898951860107,5.8492045402526855,6543532000
2020-01-31,NVDA,5.934966672080798,6.450781528296051,5.749027749353839,5.877295970916748,6125412000
2020-02-29,NVDA,5.859149875876774,7.863242571008195,5.8529353441116,6.7175517082214355,11848652000
2020-03-31,NVDA,6.8874379106165495,7.086175484127031,4.494120840313374,6.556621074676514,15773952000
2020-04-30,NVDA,6.358878296830433,7.566480789850535,5.929563928559885,7.269990921020508,11278304000
2020-05-31,NVDA,7.0727439323957615,9.135246032523414,6.985438429326991,8.830545425415039,12548876000
2020-06-30,NVDA,8.788509941773912,9.598036018461734,8.614145567728748,9.453956604003906,9719464000
2020-07-31,NVDA,9.476849291492085,10.74248607038914,9.369596194012617,10.565803527832031,8094452000
2020-08-31,NVDA,10.683012873856836,13.512404027360901,10.665842352281864,13.31282901763916,9672544000
2020-09-30,NVDA,13.421857130089242,14.66323112605834,11.653766757408798,13.472140312194824,15856552000
2020-10-31,NVDA,13.69865989133984,14.286609243411322,12.246947595239426,12.479938507080078,8022356000
2020-11-30,NVDA,12.60315681993016,14.628128260085498,12.341540396326954,13.343696594238281,7594820000
2020-12-31,NVDA,13.4340539339607,13.676061924602873,12.711954400513704,13.002530097961426,5120996000
2021-01-31,NVDA,13.051584224791647,13.942987225711319,12.535415751922324,12.937543869018555,6154172000
2021-02-28,NVDA,13.000789980691422,15.31072039811437,12.850894535990365,13.659379959106445,6680324000
2021-03-31,NVDA,13.81923759520638,13.869036839571837,11.520012603958925,13.299192428588867,7648656000
2021-04-30,NVDA,13.522368421618353,16.154654730181758,13.461591793310602,14.95433521270752,6718796000
2021-05-31,NVDA,15.069412383191088,16.21767503645545,13.409533367126928,16.184795379638672,7054380000
2021-06-30,NVDA,16.210202026757546,20.093002037862693,15.844799257771454,19.93355369567871,10273292000
2021-07-31,NVDA,20.055632059782717,20.8030443612869,17.803917401134495,19.43178939819336,7823077000
2021-08-31,NVDA,19.632096019964017,22.963574356571417,18.697327164065186,22.3117733001709,6416386000
2021-09-30,NVDA,22.411450461472807,22.91080616281464,20.400044932702517,20.648231506347656,4998986000
2021-10-31,NVDA,20.682119903644967,25.624899789420567,19.491036496532875,25.48336410522461,4971078000
2021-11-30,NVDA,25.565100225521736,34.53365623352294,25.14447973934552,32.569114685058594,10811170000
2021-12-31,NVDA,33.114388375070114,33.184167626613956,27.059512623643005,29.318378448486328,11058505000
2022-01-31,NVDA,29.721106030264906,30.61428422261977,20.82221696787781,24.408889770507812,10682164000
2022-02-28,NVDA,25.024941605227585,26.84021038947603,20.82421097780637,24.308208465576172,10644270000
2022-03-31,NVDA,24.214498384630563,28.85975839254765,20.588471783228282,27.2047061920166,11644599000
2022-04-30,NVDA,27.293444485136895,27.475896299662303,18.235512240679018,18.491741180419922,11114390000
2022-05-31,NVDA,18.48576617341959,20.33921986356432,15.520617091857218,18.616371154785156,13833021000
2022-06-30,NVDA,18.668218552747707,19.56054844841514,14.820854376855518,15.117032051086426,10554791000
2022-07-31,NVDA,14.857751323588166,18.193489890290078,14.016089244404482,18.112714767456055,10564476000
2022-08-31,NVDA,18.131662250640616,19.22063704890321,14.917583393679934,15.052209854125977,12069648000
2022-09-30,NVDA,14.169661891977615,14.511035078989412,11.916466059827378,12.108989715576172,13130578000
2022-10-31,NVDA,12.316474670852143,13.815761110569417,10.786267640804748,13.463631629943848,12549277000
2022-11-30,NVDA,13.776855711937651,16.955975861509707,12.923972453329277,16.885480880737305,10600603000
2022-12-31,NVDA,16.961311508590725,18.748341354532826,13.853219366158653,14.581600189208984,8946152000
2023-01-31,NVDA,14.81807613433421,20.582266410433473,14.002888471300379,19.493684768676758,9454960000
2023-02-28,NVDA,19.647343286751223,23.83503456630602,19.567520729990026,23.164527893066406,10393479000
2023-03-31,NVDA,23.140582657134395,27.777007695296096,22.251346912588748,27.720125198364258,11263731000
2023-04-30,NVDA,27.45267583533266,28.05244337278638,26.166310441978037,27.692182540893555,7436450000
2023-05-31,NVDA,27.782992788233905,41.852132355940626,27.184222567509938,37.756534576416016,11697819000
2023-06-30,NVDA,38.410189027460895,43.90447708552211,37.283369639735355,42.21975326538086,10527050000
2023-07-31,NVDA,42.434326127886784,47.99450350820883,41.265616640980895,46.63814163208008,8706845000
2023-08-31,NVDA,46.369666884333206,50.16826400478164,40.2326217412967,49.25904083251953,13632152000
2023-09-30,NVDA,49.665250288293905,49.70317460901009,40.903690569058845,43.417999267578125,8579273000
2023-10-31,NVDA,43.948009813372195,47.52034710135052,39.1569503913023,40.704063415527344,10141101000
2023-11-30,NVDA,40.80786677095721,50.45387324372552,40.79289531240805,46.68291473388672,9144618000
2023-12-31,NVDA,46.43837411108703,50.34351507731144,44.926189637223715,49.43413162231445,7411887000
2024-01-31,NVDA,49.1566219566508,63.38033889790534,47.23603372218609,61.41783142089844,9706237000
2024-02-29,NVDA,61.98981163068563,82.24780364536768,61.5406131324354,78.97162628173828,11061356000
2024-03-31,NVDA,79.85805518730493,97.23173191783087,79.29405523547015,90.19991302490234,12149218000
2024-04-30,NVDA,90.14301673764523,92.06568455405531,75.47539894537725,86.25274658203125,10072334000
2024-05-31,NVDA,84.93001509196907,115.61891628592592,81.11461218464028,109.44361114501953,9645174000
2024-06-30,NVDA,113.42472260342709,140.52837801062054,111.80951385006522,123.33672332763672,7424176700
2024-07-31,NVDA,123.26683813440599,135.92596317348227,102.37126667488353,116.82743835449219,6405438600
2024-08-31,NVDA,117.33660563582859,131.04399639094717,90.5407717150732,119.173583984375,8105367800
2024-09-30,NVDA,115.8191103772934,127.47081527785902,100.78388574677186,121.25054168701172,6271163200
2024-10-31,NVDA,121.58001370293499,144.194689003585,114.96037016184738,132.55287170410156,5627917200
2024-11-30,NVDA,134.4898615442038,152.65149063112756,131.59437486042492,138.03433227539062,4497414600
2024-12-31,NVDA,138.6134117376161,146.3214777724878,126.67080709010266,134.08973693847656,4085855200
2025-01-31,NVDA,135.7971917031726,152.9016324332477,116.0766320864675,119.89093780517578,5948400800
2025-02-28,NVDA,114.57887527254843,143.226091877041,112.84147223806173,124.73370361328125,4755230400
2025-03-31,NVDA,123.32581202011416,123.51552349340123,103.50494855407659,108.22832489013672,6177950300
2025-04-30,NVDA,108.36812587384452,114.93891720962625,86.4987754744505,108.76756286621094,6811006400
2025-05-31,NVDA,112.92174799120272,143.28919402135628,110.66491633937942,134.94090270996094,4756803800
2025-06-30,NVDA,135.30038976970178,158.4989061985097,135.21050414256473,157.7798614501953,3821296800
2025-07-31,NVDA,156.08211312403307,183.05619299307685,151.2885097592641,177.63340759277344,3596804400
2025-08-31,NVDA,173.85844036702034,184.234618174838,168.57547509149074,173.94830322265625,3608891200
2025-09-30,NVDA,169.77387989783634,187.11135435179565,163.85179338392152,186.3423309326172,3890495300
2025-10-31,NVDA,185.00404300205486,211.9197249544373,176.53483359319367,202.23207092285156,4031017400
2025-11-30,NVDA,207.81493866642379,211.07078042213968,169.33402110596253,176.7745361328125,4160148300
2025-12-31,NVDA,174.53739527000454,192.45526970950266,170.10252832729947,186.27281188964844,3629693700
2026-01-31,NVDA,189.60873357074172,194.25307849059112,177.39362681050815,190.8971710205078,3292228600
2026-02-28,NVDA,186.97195532434574,197.38924768090467,170.82163795446576,176.97415161132812,3745445000
2026-03-31,NVDA,174.79680413295333,188.66012868968363,164.07877596313077,174.1969757080078,4027150800
2026-04-30,NVDA,175.79511913229018,216.5775789683675,171.170490985778,199.33767700195312,3129548700
2026-05-31,NVDA,201.0456862731779,236.26463268418732,194.51329562325486,210.8942108154297,3324840700
2026-06-30,NVDA,215.47885750139108,232.00958636747916,199.33999633789062,210.69000244140625,2352791500
2016-06-30,SMH,25.86276622080831,26.66898536682129,24.18200706397075,25.967525482177734,85037400
2016-07-31,SMH,25.803552300179454,29.388267250309518,24.970002934914813,28.923664093017578,94790000
2016-08-31,SMH,28.996541450374128,30.358459954851472,28.463618175644548,30.158042907714844,69727400
2016-09-30,SMH,30.185372691495193,31.770479280434003,28.723246198151433,31.642942428588867,151762800
2016-10-31,SMH,31.588283664396553,31.98000558948481,30.089714894292758,31.09634780883789,119165400
2016-11-30,SMH,31.13735066844638,32.71790549859333,30.12160329481721,32.3671760559082,125819600
2016-12-31,SMH,32.31707503905741,34.13395044263603,30.741077084758086,32.89422607421875,124185600
2017-01-31,SMH,33.44521961612557,34.82728576660156,32.747297813558355,34.17987060546875,88889400
2017-02-28,SMH,34.57934318375182,35.73183059692383,34.20742274832524,35.07522964477539,63480400
2017-03-31,SMH,35.359907448718396,36.75575993114474,34.997173545457386,36.59964370727539,85207200
2017-04-30,SMH,36.64096166689206,37.228685700236916,35.010948181152344,36.59504699707031,102778600
2017-05-31,SMH,36.70524782149359,39.75406811019998,36.535357377496155,39.48316192626953,93596200
2017-06-30,SMH,39.58877787189241,41.19583105065251,37.27460532660942,37.58684539794922,176643400
2017-07-31,SMH,37.82560474777239,40.566786059828075,37.15523147583008,39.41428756713867,133156400
2017-08-31,SMH,39.5474490989194,40.73207569734832,38.6061724181927,40.672386169433594,157876200
2017-09-30,SMH,40.773403788885375,42.880953163929625,40.024975674141814,42.848812103271484,133157800
2017-10-31,SMH,43.08297982563959,46.80677037164551,42.84421468503969,46.65524673461914,114740800
2017-11-30,SMH,46.98125123119408,48.59290155979423,45.36959416997586,46.03078842163086,168389200
2017-12-31,SMH,45.68642141619776,46.92964419070914,44.042626776315686,45.55113220214844,217959600
2018-01-31,SMH,45.87247505776394,50.557523497021094,45.77001819980068,49.60281753540039,162600400
2018-02-28,SMH,49.174366048628585,50.82763126792801,43.72089310232367,49.616790771484375,304800600
2018-03-31,SMH,49.63542347420257,53.34713452683439,47.40466512945811,48.56428527832031,228124400
2018-04-30,SMH,48.15911863001787,49.43050638630853,44.46137690144887,45.24842834472656,310647800
2018-05-31,SMH,45.13665343985962,50.673954221417375,44.73614312309781,49.91950225830078,243820600
2018-06-30,SMH,50.31535831205665,52.15957010787821,46.994841928768366,47.81448745727539,250904000
2018-07-31,SMH,47.20441006095489,50.455070735554315,46.99018368683929,49.31407165527344,275848200
2018-08-31,SMH,49.58419540515525,51.15829223739729,47.213725267901125,50.734493255615234,221706000
2018-09-30,SMH,50.52026752767357,51.1676072567738,47.57698009946974,49.574867248535156,195673000
2018-10-31,SMH,49.719247233869375,50.37589663516705,40.4935188970941,43.52529525756836,438540000
2018-11-30,SMH,43.930462925220226,45.70016031499786,40.982514498878565,45.05748748779297,314458600
2018-12-31,SMH,46.04012890677591,46.16586914726174,38.30925644226904,41.427734375,306893600
2019-01-31,SMH,40.57809898559754,46.183751449711224,39.1826209347795,45.846744537353516,303281600
2019-02-28,SMH,45.96541459062225,50.44138810889019,45.88472441496432,49.04591369628906,199103400
2019-03-31,SMH,49.48734614486679,52.49664077306147,47.00965119041597,50.469871520996094,247534200
2019-04-30,SMH,51.234061942863846,57.29538183160319,51.01572192938899,55.178428649902344,252294600
2019-05-31,SMH,55.62934915482131,55.95211344993229,46.330892675040026,46.625179290771484,508752400
2019-06-30,SMH,47.13780230496431,52.96654608123832,46.349879973469235,52.29728698730469,263053200
2019-07-31,SMH,54.632581504197375,58.64814327042757,51.77991201889312,55.57713317871094,192165600
2019-08-31,SMH,55.425248032715366,56.91566229029989,50.98249877443506,54.309814453125,285182600
2019-09-30,SMH,53.78294697782746,58.444039820557556,53.15640496805671,56.54542922973633,163614600
2019-10-31,SMH,56.93938816799584,61.78085469118502,54.623088806183304,60.513526916503906,201690400
2019-11-30,SMH,60.99292794619412,64.20157927317761,60.864769571599766,63.086158752441406,130564000
2019-12-31,SMH,63.21905302387612,69.09651532949691,60.71763307235895,68.12814331054688,136462400
2020-01-31,SMH,69.2747630621949,72.62312767968166,65.98423743353034,66.27812194824219,159233800
2020-02-29,SMH,66.5671787004958,73.52886401849283,59.889752703694235,63.580169677734375,238694600
2020-03-31,SMH,64.40399957586241,66.92369790504712,46.25063349942068,56.43540954589844,283089000
2020-04-30,SMH,54.652834578282935,67.14049179228904,53.082239077209316,64.42809295654297,236391000
2020-05-31,SMH,63.04539138778474,68.47984403844285,60.75694301455456,67.94506072998047,185017200
2020-06-30,SMH,67.88243831388753,74.56470388844095,67.34284993384692,73.61558532714844,161694200
2020-07-31,SMH,73.66375995657529,80.71698945933097,72.76765371753396,80.08104705810547,146474200
2020-08-31,SMH,80.61581157594053,85.1011629691643,80.33156004928007,84.48930358886719,89961800
2020-09-30,SMH,85.13007102540803,88.94092732054835,78.80433814305917,83.92562103271484,128196000
2020-10-31,SMH,85.52995158349626,91.99540113551448,83.37639777218074,84.28695678710938,105906200
2020-11-30,SMH,85.03852319575,101.43824286758725,84.12314910892053,100.50359344482422,112880400
2020-12-31,SMH,101.47678043783291,106.85340049075718,101.05281395534118,105.96271514892578,90112400
2021-01-31,SMH,106.99605369588043,119.72593421945568,105.06037092060859,109.93596649169922,130172200
2021-02-28,SMH,111.64847844432812,125.45050655936495,111.33314503973507,116.89276123046875,145382600
2021-03-31,SMH,118.7071745311994,120.64284821332917,104.85661999999313,118.15411376953125,250955400
2021-04-30,SMH,120.33235527000801,124.94112390440067,117.1353327511518,117.88729095458984,170498400
2021-05-31,SMH,118.65379991521868,121.31717807545665,108.09730845661048,120.8902587890625,213635600
2021-06-30,SMH,121.75379471403116,127.34250512496206,118.76052394144548,127.22122192382812,144039200
2021-07-31,SMH,126.89621938792975,128.05567277673006,117.44581019776828,127.65787506103516,135184600
2021-08-31,SMH,128.74942010830875,133.50857574796353,120.96788455626724,131.38851928710938,144298600
2021-09-30,SMH,132.0191977260012,134.23141919592936,124.08243128848694,124.32499694824219,116881000
2021-10-31,SMH,124.91202381385187,132.79543020265763,120.69135377941761,132.75177001953125,121579000
2021-11-30,SMH,132.87304394672773,154.67007162799476,132.36364556905687,147.91700744628906,170433600
2021-12-31,SMH,150.70653286755578,155.05944513239942,140.534830811297,150.60646057128906,191748800
2022-01-31,SMH,151.83065005039745,155.43497874969495,121.62061369995244,134.32113647460938,321422200
2022-02-28,SMH,135.24292140074277,141.61269224108588,120.35248997856574,130.78504943847656,292476800
2022-03-31,SMH,130.33636285677292,138.72046914868025,115.74833004448627,131.58494567871094,375953000
2022-04-30,SMH,132.07268057185203,132.55064742192656,110.12966818740838,112.10497283935547,327603800
2022-05-31,SMH,112.12448117666234,120.56223066800024,104.97433754402857,119.28926086425781,292631400
2022-06-30,SMH,119.84038660597042,121.50355161143177,97.65350713752551,99.36544036865234,204551000
2022-07-31,SMH,97.6437362304339,116.00682367349455,92.63963671465343,115.6702880859375,161524600
2022-08-31,SMH,114.61677895335006,120.49882727372702,103.75990188456615,104.65245056152344,160787200
2022-09-30,SMH,101.95528291715118,106.73017403329713,90.28389032255052,90.28876495361328,183026400
2022-10-31,SMH,91.33739045079899,99.84341642628934,81.43644575312217,92.28845977783203,224122200
2022-11-30,SMH,94.27840806737527,111.82697406434946,87.9817840417222,111.07097625732422,195477000
2022-12-31,SMH,111.77818529418616,114.4168086766509,96.94850765005936,100.10548400878906,142142200
2023-01-31,SMH,101.90101069360257,118.97330265388547,98.70458263631909,116.95580291748047,146430600
2023-02-28,SMH,117.57239727809032,126.10113784250764,114.97776408874248,118.09033203125,155108600
2023-03-31,SMH,118.6033436294543,130.0128105221333,114.82484878700355,129.8253631591797,206043400
2023-04-30,SMH,129.16440575295186,129.64780690607444,116.9755325938614,121.96255493164062,128409000
2023-05-31,SMH,122.31771174856252,149.6698928148894,119.30873450493482,142.3891143798828,157284000
2023-06-30,SMH,142.91199228553094,153.84301611581867,141.05728208714024,150.20262145996094,136431500
2023-07-31,SMH,151.11025941886086,159.00267466904063,145.18107999739024,158.46006774902344,132883000
2023-08-31,SMH,157.52284107528095,158.72643636935194,141.4223023349368,154.11923217773438,190752300
2023-09-30,SMH,155.3129552190556,155.51027776494354,137.880573978364,143.03038024902344,143241500
2023-10-31,SMH,143.31648311184958,151.9882655930658,134.2698010858489,137.0814666748047,217477300
2023-11-30,SMH,137.3281240123475,163.21525718594623,137.19000724535906,158.3219451904297,165424600
2023-12-31,SMH,157.84840190397256,175.4242171541031,154.4546581376619,173.55831909179688,131460200
2024-01-31,SMH,171.05722751868723,194.43056835394972,162.74007286098762,184.47579956054688,183067900
2024-02-29,SMH,185.32934470221767,211.75961177946115,183.66195355547677,210.3601837158203,161729200
2024-03-31,SMH,212.5138998603408,237.3462399736252,211.2236642979459,223.30238342285156,203054700
2024-04-30,SMH,223.80853972038005,229.21765660936725,196.95153070324866,212.484130859375,168543800
2024-05-31,SMH,209.55625463275928,248.96839269991975,204.5639854841193,238.67617797851562,149993400
2024-06-30,SMH,243.26153006911318,277.4729715595622,237.22713385771235,258.7445068359375,150480100
2024-07-31,SMH,259.0422808921922,280.9467232097555,226.61731569793062,245.13735961914062,202088300
2024-08-31,SMH,242.20946818802514,251.41988846574054,198.98614587388144,241.6338348388672,208407000
2024-09-30,SMH,237.07824986588486,254.0698451150758,211.96804735021624,243.60890197753906,157640000
2024-10-31,SMH,243.78754920385876,260.2928199200609,235.2222774610929,239.86717224121094,127611800
2024-11-30,SMH,242.35835698136606,259.9156705639697,232.41350781880536,240.31381225585938,120958300
2024-12-31,SMH,241.52465724846957,252.5612504081415,234.76573250444088,241.41879272460938,105825400
2025-01-31,SMH,243.7615186412358,268.82354460343697,231.51960367579306,242.8643035888672,145011600
2025-02-28,SMH,235.2380407334613,258.8246456445032,224.93010705835152,232.04795837402344,111745200
2025-03-31,SMH,234.63989829057658,234.63989829057658,203.87560895440248,210.81402587890625,155995100
2025-04-30,SMH,210.30561878632585,215.93809070608916,169.58233081295577,210.62461853027344,241877800
2025-05-31,SMH,214.26329582522965,248.66624800822134,211.45205116543283,239.0063018798828,142287500
2025-06-30,SMH,238.43807295471265,279.6299005060358,238.21876937396968,278.0149230957031,167624600
2025-07-31,SMH,275.9413580572771,296.45755491377344,271.3157670930492,287.88421630859375,163008000
2025-08-31,SMH,282.03243137530455,302.0401979271147,278.3239694071408,289.3895568847656,154726200
2025-09-30,SMH,282.211870573541,325.8161663572115,280.86605209642283,325.3476257324219,176632600
2025-10-31,SMH,323.2740930807438,371.6236615930155,323.10460702896984,361.8939208984375,185016700
2025-11-30,SMH,366.5494502515679,368.32392758211137,314.0727298547913,351.187255859375,184578900
2025-12-31,SMH,347.7679062579651,374.42494358875547,337.0113507136768,360.1300048828125,118886700
2026-01-31,SMH,368.95001220703125,420.6000061035156,368.8399963378906,403.4599914550781,143203800
2026-02-28,SMH,398.8599853515625,427.94000244140625,374.239990234375,406.3699951171875,160315300
2026-03-31,SMH,397.25,407.3599853515625,359.8599853515625,383.3999938964844,241592000
2026-04-30,SMH,388.260009765625,510.1000061035156,378.0,506.7200012207031,170587100
2026-05-31,SMH,504.2099914550781,612.2999877929688,501.1499938964844,598.9299926757812,202361800
2026-06-30,SMH,596.0999755859375,663.7999877929688,554.6599731445312,659.8800048828125,169890400
2016-06-30,SPY,177.8755912887902,179.62181593253078,169.2126787224782,178.43783569335938,1379496300
2016-07-31,SPY,178.43782218963668,185.3034081203237,176.37642144980018,184.94564819335938,1648453700
2016-08-31,SPY,185.0053269756298,187.05820721101114,182.5009920927308,185.16717529296875,1519703200
2016-09-30,SPY,185.15864979220905,186.73452006397048,180.84844411519546,185.17791748046875,2292393000
2016-10-31,SPY,184.7670095327283,185.52032604567063,180.82026871823211,181.96743774414062,1725687400
2016-11-30,SPY,182.2927583487816,189.9037232539868,178.3974916039178,188.67091369628906,2073824400
2016-12-31,SPY,188.97045571472006,195.48554731913939,187.61779104827826,192.4955596923828,1821910200
2017-01-31,SPY,193.7958967308444,197.81761761591775,192.79695876636885,195.94021606445312,1482408500
2017-02-28,SPY,195.94018351228783,204.36232374216894,195.32881018564632,203.63900756835938,1365136600
2017-03-31,SPY,205.29242616150023,206.95447579618843,200.32147504346014,203.89353942871094,1921474100
2017-04-30,SPY,203.94540265571393,207.17150352612882,201.09986877441406,205.91744995117188,1549613700
2017-05-31,SPY,206.43638610839844,209.37707310415792,203.62537552258183,208.8235321044922,1492547000
2017-06-30,SPY,209.28192375663733,212.70130436516789,208.55555631046235,210.15475463867188,1572753000
2017-07-31,SPY,211.0934061863297,215.54335678178802,208.88583699475083,214.47430419921875,1055908800
2017-08-31,SPY,215.0739934319725,216.33419735787277,210.18082053799722,215.10009765625,1557031500
2017-09-30,SPY,215.47378279149711,219.51282378636614,212.89249275003215,219.4342041015625,1286405100
2017-10-31,SPY,219.66133501937134,225.25138613887677,219.48663643311738,224.60498046875,1320624600
2017-11-30,SPY,225.38237007095873,232.3786340239822,223.27740972687494,231.47027587890625,1365620900
2017-12-31,SPY,231.25183970097865,235.80499837293848,227.75808186488112,234.27749633789062,1715222900
2018-01-31,SPY,235.13793148850266,251.6336482169406,234.7516513759849,247.48110961914062,1985506700
2018-02-28,SPY,246.75245203062417,248.49947219305156,222.0395699233782,238.482666015625,2923722000
2018-03-31,SPY,238.27198600532518,246.17315439753227,227.2564954692328,231.9457244873047,2323561800
2018-04-30,SPY,231.41682631878385,239.1293087659003,224.47124538181424,233.14447021484375,1998466500
2018-05-31,SPY,232.5803406831274,241.72955426545334,228.3318548270563,238.8119354248047,1606397200
2018-06-30,SPY,240.1076174822197,246.33933412363743,237.7152041932357,240.18540954589844,1599001000
2018-07-31,SPY,238.61828121441778,251.77499148944142,238.3792118140002,249.08335876464844,1266892500
2018-08-31,SPY,249.28704229026565,258.3002177918885,247.16213089419983,257.0341491699219,1308443700
2018-09-30,SPY,256.61789936465385,260.78581879458903,253.84676608884516,258.5622863769531,1228103300
2018-10-31,SPY,259.7985457060066,260.776805810469,231.10698111147096,240.694580078125,3024345800
2018-11-30,SPY,241.55725087311626,250.11312204168914,233.9707611642056,245.15927124023438,2021061200
2018-12-31,SPY,249.27711038226846,249.38383236101384,209.11693755623702,223.57339477539062,3102780500
2019-01-31,SPY,220.0487067791242,241.95703405197406,217.9822360854176,241.4739532470703,2048691700
2019-02-28,SPY,241.6707188640082,251.6542382053372,239.59522139590058,249.3014678955078,1371716300
2019-03-31,SPY,250.87591399104352,256.2399957566535,243.70141373931386,253.81390380859375,1678081300
2019-04-30,SPY,255.8087003800633,264.56934444677836,255.53912787981554,264.1828308105469,1209204700
2019-05-31,SPY,264.8117786461539,265.01844808882976,247.3086167879854,247.3355712890625,1845593200
2019-06-30,SPY,247.37163762346586,266.8221515056671,245.37692133142656,264.54681396484375,1340435600
2019-07-31,SPY,267.8694855427903,272.88049117681857,265.7476878432094,268.5466003417969,1110102300
2019-08-31,SPY,268.700115526861,271.65255641303344,254.36225615994783,264.05023193359375,2034004800
2019-09-30,SPY,262.3528412178477,273.2416593963996,261.17906729483354,269.1881408691406,1303830000
2019-10-31,SPY,270.06800612770223,276.24500852902196,258.3487738908161,275.1383972167969,1386748300
2019-11-30,SPY,276.5806723698209,286.1592712402344,276.41738057633785,285.09796142578125,1037123500
2019-12-31,SPY,285.3519574335292,295.1499823509916,278.5852653796921,293.381591796875,1285175800
2020-01-31,SPY,294.91290542669935,303.4904184768439,292.01434006994486,293.2631530761719,1392003800
2020-02-29,SPY,294.73969916272614,309.07801894449966,260.27526361074985,270.0467529296875,2110214900
2020-03-31,SPY,271.82421045255126,286.07126116142535,200.1180920586079,236.3256072998047,5926017600
2020-04-30,SPY,227.36774076850008,270.36939668055743,223.62687128450554,266.3350830078125,2819312300
2020-05-31,SPY,261.594889070107,281.3352756373356,250.29888679853764,279.02471923828125,1910460500
2020-06-30,SPY,278.3828651183529,296.52792499363557,272.07480686820895,283.9729919433594,2358674500
2020-07-31,SPY,285.08742860608777,301.35068608523807,284.62697148514405,300.69683837890625,1505145300
2020-08-31,SPY,302.35455324026356,323.517088692937,301.8112172413089,321.6844787597656,1045563300
2020-09-30,SPY,322.51332671022755,330.3779287745175,295.6872430633771,309.6395263671875,1814712700
2020-10-31,SPY,312.2283039383906,327.32710625079835,298.27613900813606,301.9190673828125,1629016100
2020-11-30,SPY,305.30316162109375,336.90590740925865,302.56632324038145,334.76092529296875,1535244300
2020-12-31,SPY,338.00621842500254,351.4159755487242,335.8703871356922,347.1632080078125,1344541500
2021-01-31,SPY,348.49106429337866,358.2778450349725,338.75066866047587,343.6255187988281,1402265400
2021-02-28,SPY,347.01462699809997,366.0033035639086,343.9133009262217,353.1802062988281,1307806200
2021-03-31,SPY,358.0364901808045,370.77001997622074,345.306129482108,369.2142639160156,2401715800
2021-04-30,SPY,371.14265609357545,391.9355879172904,370.93770669938243,388.74951171875,1462106600
2021-05-31,SPY,390.73390277771705,393.8919265936675,376.35959057471223,391.3021240234375,1547235900
2021-06-30,SPY,393.65904356804924,400.7509075851133,387.591438170524,400.0779724121094,1282152400
2021-07-31,SPY,400.835038783346,412.91985138960683,394.38617099707693,409.8449401855469,1422104700
2021-08-31,SPY,411.55528082300833,423.4531466839395,407.5924735593852,422.04180908203125,1254001400
2021-09-30,SPY,422.9764722664043,424.3691375142071,402.0348156347722,402.37237548828125,1745559600
2021-10-31,SPY,404.0976586371233,430.8949094853391,399.7657824946463,430.604248046875,1508665200
2021-11-30,SPY,431.5887642564896,444.0029569483632,426.9006785426518,427.14447021484375,1335351500
2021-12-31,SPY,432.84521097923056,450.70028317333333,420.9186571741517,446.8988952636719,1927433900
2022-01-31,SPY,448.15978126090016,451.6223622300133,395.90112761933347,423.3289489746094,2485167800
2022-02-28,SPY,424.05336552481776,431.05378191741363,386.3790300752348,410.83349609375,2297975100
2022-03-31,SPY,409.3374336179091,436.1211874892994,390.5942582446802,426.2769470214844,2380929500
2022-04-30,SPY,427.8530688001301,432.119225743506,388.11730223189977,388.8629455566406,1856757400
2022-05-31,SPY,388.92904179526005,405.53118526756083,359.1697150107811,389.74078369140625,2418478100
2022-06-30,SPY,391.8550043373775,393.99752849345634,343.3079900767023,357.60260009765625,1958611900
2022-07-31,SPY,356.9484798436387,391.5190777399874,351.715979081912,390.5332336425781,1437748400
2022-08-31,SPY,387.8411758992656,409.24522847882577,374.4660917256927,374.5987854003906,1443394400
2022-09-30,SPY,372.4279555626427,390.2868341942052,339.83535868204586,339.9685974121094,1998908600
2022-10-31,SPY,343.6807182327434,370.75032073120525,331.3356839052994,367.5997009277344,2024732000
2022-11-30,SPY,371.340363735998,388.0351867675781,351.0192668219738,388.0351867675781,1745985300
2022-12-31,SPY,389.07263892248426,390.70977956297014,358.3490843681481,365.6733703613281,1735973600
2023-01-31,SPY,367.52838265402187,390.2760095744735,361.2749320892196,388.6696472167969,1575450100
2023-02-28,SPY,387.45528923844535,399.9813013244029,376.3922419822525,378.8974304199219,1603094700
2023-03-31,SPY,378.08465625730815,393.24368242982905,363.9713580532645,392.9461364746094,2515995800
2023-04-30,SPY,392.42779542260035,399.23302689490464,387.56141271088387,399.2234191894531,1395780500
2023-05-31,SPY,398.781880454679,405.60626696953454,387.5230869408355,401.0663757324219,1780909100
2023-06-30,SPY,401.2966730663804,428.0380149404403,400.0489015795839,427.05535888671875,1749901500
2023-07-31,SPY,426.70853977944085,442.62382369326946,421.06296794825374,441.03424072265625,1374698500
2023-08-31,SPY,439.5698819163366,440.51402315707037,417.1612467523088,433.86651611328125,1754892500
2023-09-30,SPY,436.5833515582069,437.06505085275637,408.2686420542666,413.2862854003906,1588981600
2023-10-31,SPY,412.454856073705,423.59235858221746,395.6229054415524,404.314453125,1999294400
2023-11-30,SPY,405.2812038082296,443.1023712619962,404.7494479004914,441.2460632324219,1500017600
2023-12-31,SPY,440.63705583158986,463.5657286208665,439.225482586349,461.391357421875,1643624300
2024-01-31,SPY,458.333531951908,477.2236798269538,452.77132456262234,468.7395935058594,1700872500
2024-02-29,SPY,470.43842101293257,495.1916873577398,469.6327095934461,493.2016906738281,1393307200
2024-03-31,SPY,494.075392019808,510.8298490860622,490.1245478315941,509.330322265625,1473501100
2024-04-30,SPY,510.07035956686866,510.605900605306,480.8876330360681,488.7943115234375,1593138700
2024-05-31,SPY,488.2101579548078,519.0676954201629,486.4281553313073,513.5174560546875,1153206200
2024-06-30,SPY,515.1240809646227,537.554375472948,508.87267437322015,531.6344604492188,888367600
2024-07-31,SPY,533.0118486999152,552.090169461466,525.0209792890996,538.0718994140625,1038465500
2024-08-31,SPY,539.7913062018092,551.1523417216108,498.4694800108966,550.6443481445312,1244599000
2024-09-30,SPY,547.508549729637,563.1413674659622,526.9649400293706,562.21044921875,1044988300
2024-10-31,SPY,561.857759819067,574.3215715502484,553.8913563966638,557.1935424804688,976068800
2024-11-30,SPY,559.8195584319851,591.2046605649765,556.4585705161212,590.4207763671875,901760600
2024-12-31,SPY,590.8324390421951,596.8097196143469,571.132257605004,576.21533203125,1059516700
2025-01-31,SPY,579.4695486945864,600.4995770008244,565.6658729466735,591.6903686523438,995501600
2025-02-28,SPY,582.6943625959686,602.9082197102092,572.6365684069419,584.178955078125,871641300
2025-03-31,SPY,586.1452445030724,587.2857532860544,539.282592409213,551.62890625,1496591400
2025-04-30,SPY,549.715889513425,559.547472787333,475.115432610906,546.8462524414062,2237015100
2025-05-31,SPY,552.5952816524762,587.2773530559552,548.3253535066884,581.212646484375,1402172600
2025-06-30,SPY,579.6053591727813,612.4340220516922,576.9428072484826,611.0790405273438,1495410200
2025-07-31,SPY,609.6053849111585,632.8378839877031,608.7746241554748,625.153076171875,1479850800
2025-08-31,SPY,619.4364414435403,642.362454403162,612.5032535330552,637.9810180664062,1424047400
2025-09-30,SPY,630.5136938017484,661.856628548307,627.9619508913343,660.7060546875,1606348500
2025-10-31,SPY,657.7208144097488,684.0328379014793,647.4757221413303,676.4556884765625,1781815100
2025-11-30,SPY,680.0359699637585,680.1649066224819,645.5020288545189,677.7747192382812,1664668300
2025-12-31,SPY,673.2323336611282,688.0037280321676,665.6848710067972,678.3152465820312,1656188700
2026-01-31,SPY,682.0852055985325,694.1510864943795,672.9934983300664,688.3121337890625,1600537800
2026-02-28,SPY,685.9347490634862,693.4547952732178,672.2077222570326,682.3637084960938,1614970000
2026-03-31,SPY,675.1122534180175,684.9797970984218,627.6630399662237,648.6688842773438,2237624600
2026-04-30,SPY,652.219751792706,717.9403946619685,643.4522901873171,716.8132934570312,1196537500
2026-05-31,SPY,719.3966516418469,756.1320579864754,713.152718877996,754.5361328125,945132300
2026-06-30,SPY,753.4189990020213,758.4461093852723,720.7332622187009,746.739990234375,905376000
2016-06-30,TSLA,14.633333206176758,14.916666984558105,12.524666786193848,14.152000427246094,1098598500
2016-07-31,TSLA,13.742667198181152,15.685333251953125,13.733332633972168,15.652667045593262,1110958500
2016-08-31,TSLA,15.699999809265137,15.775333404541016,13.90999984741211,14.133999824523926,934366500
2016-09-30,TSLA,13.934000015258789,14.073332786560059,12.896666526794434,13.60200023651123,1059478500
2016-10-31,TSLA,14.153332710266113,14.378000259399414,12.800000190734863,13.182000160217285,1381992000
2016-11-30,TSLA,13.202667236328125,13.289999961853027,11.879332542419434,12.626667022705078,1483290000
2016-12-31,TSLA,12.550000190734863,14.920000076293945,12.0,14.246000289916992,1319901000
2017-01-31,TSLA,14.324000358581543,17.230667114257812,14.064000129699707,16.795333862304688,1510194000
2017-02-28,TSLA,16.8700008392334,19.159332275390625,16.134000778198242,16.666000366210938,1793100000
2017-03-31,TSLA,16.94533348083496,18.799999237060547,16.185333251953125,18.553333282470703,1605529500
2017-04-30,TSLA,19.126667022705078,20.98666763305664,18.972000122070312,20.937999725341797,1754259000
2017-05-31,TSLA,20.992000579833984,22.859333038330078,19.384000778198242,22.733999252319336,2220694500
2017-06-30,TSLA,22.933332443237305,25.799333572387695,22.28066635131836,24.107332229614258,2789266500
2017-07-31,TSLA,24.682666778564453,24.75666618347168,20.208667755126953,21.564666748046875,2724600000
2017-08-31,TSLA,21.53333282470703,24.666667938232422,20.74799919128418,23.726667404174805,2054124000
2017-09-30,TSLA,23.7413330078125,25.974000930786133,22.360000610351562,22.739999771118164,1672690500
2017-10-31,TSLA,22.834667205810547,24.200000762939453,21.110666275024414,22.101999282836914,1845550500
2017-11-30,TSLA,22.149999618530273,22.173999786376953,19.5086669921875,20.59000015258789,2232192000
2017-12-31,TSLA,20.362667083740234,23.16266632080078,20.0,20.75666618347168,1648270500
2018-01-31,TSLA,20.799999237060547,24.03333282470703,20.3786678314209,23.62066650390625,1864072500
2018-02-28,TSLA,23.399999618530273,23.999332427978516,19.650667190551758,22.87066650390625,1637850000
2018-03-31,TSLA,23.000667572021484,23.244667053222656,16.547332763671875,17.742000579833984,2359027500
2018-04-30,TSLA,17.083999633789062,20.633333206176758,16.305999755859375,19.593332290649414,2854662000
2018-05-31,TSLA,19.567333221435547,20.865999221801758,18.22800064086914,18.98200035095215,2333671500
2018-06-30,TSLA,19.05733299255371,24.915332794189453,18.922666549682617,22.863332748413086,3201376500
2018-07-31,TSLA,24.004667282104492,24.318666458129883,19.075332641601562,19.875999450683594,2584923000
2018-08-31,TSLA,19.865999221801758,25.83066749572754,19.213333129882812,20.110666275024414,4160403000
2018-09-30,TSLA,19.79599952697754,20.997333526611328,16.816667556762695,17.65133285522461,2941131000
2018-10-31,TSLA,20.384666442871094,23.143999099731445,16.51799964904785,22.488000869750977,4295410500
2018-11-30,TSLA,22.55066680908203,24.450000762939453,21.666667938232422,23.365333557128906,1995286500
2018-12-31,TSLA,24.0,25.299333572387695,19.606000900268555,22.18666648864746,2196768000
2019-01-31,TSLA,20.406667709350586,23.46666717529297,18.618667602539062,20.468000411987305,2634781500
2019-02-28,TSLA,20.3613338470459,21.615999221801758,19.251333236694336,21.325332641601562,1928251500
2019-03-31,TSLA,20.46266746520996,20.475332260131836,16.964000701904297,18.657333374023438,3206902500
2019-04-30,TSLA,18.841333389282227,19.744667053222656,15.408666610717773,15.912667274475098,3461209500
2019-05-31,TSLA,15.923333168029785,17.22333335876465,12.273332595825195,12.343999862670898,4238982000
2019-06-30,TSLA,12.36733341217041,15.649333000183105,11.799332618713379,14.897333145141602,3224559000
2019-07-31,TSLA,15.347332954406738,17.738000869750977,14.814666748046875,16.107332229614258,2990050500
2019-08-31,TSLA,16.176666259765625,16.30066680908203,14.066666603088379,15.040666580200195,2006859000
2019-09-30,TSLA,14.938667297363281,16.899999618530273,14.557332992553711,16.058000564575195,2036629500
2019-10-31,TSLA,16.100000381469727,22.722667694091797,14.95199966430664,20.994667053222656,3419739000
2019-11-30,TSLA,21.08799934387207,24.079999923706055,20.617332458496094,21.996000289916992,2366562000
2019-12-31,TSLA,21.959999084472656,29.020666122436523,21.816667556762695,27.8886661529541,3106200000
2020-01-31,TSLA,28.299999237060547,43.53333282470703,28.11400032043457,43.371334075927734,6108277500
2020-02-29,TSLA,44.91266632080078,64.59933471679688,40.768001556396484,44.53266525268555,7088802000
2020-03-31,TSLA,47.41733169555664,53.798667907714844,23.367332458496094,34.93333435058594,6314025000
2020-04-30,TSLA,33.599998474121094,57.987998962402344,29.760000228881836,52.12533187866211,5722162500
2020-05-31,TSLA,50.33333206176758,56.21933364868164,45.5359992980957,55.66666793823242,4090554000
2020-06-30,TSLA,57.20000076293945,72.51266479492188,56.939998626708984,71.98733520507812,3836590500
2020-07-31,TSLA,72.19999694824219,119.66600036621094,72.03333282470703,95.38400268554688,5679502500
2020-08-31,TSLA,96.61333465576172,166.7133331298828,91.0,166.10667419433594,4672135200
2020-09-30,TSLA,167.3800048828125,167.49667358398438,109.95999908447266,143.00332641601562,5208854400
2020-10-31,TSLA,146.9199981689453,155.3000030517578,126.37000274658203,129.34666442871094,2500999200
2020-11-30,TSLA,131.3333282470703,202.60000610351562,130.76666259765625,189.1999969482422,2347796400
2020-12-31,TSLA,199.19667053222656,239.57333374023438,180.40333557128906,235.22332763671875,3589038000
2021-01-31,TSLA,239.82000732421875,300.1333312988281,239.06333923339844,264.510009765625,2117084400
2021-02-28,TSLA,271.42999267578125,293.5,206.3333282470703,225.1666717529297,1568573700
2021-03-31,TSLA,230.0366668701172,240.3699951171875,179.8300018310547,222.64332580566406,2827357200
2021-04-30,TSLA,229.4566650390625,260.2633361816406,219.80667114257812,236.47999572753906,2035619100
2021-05-31,TSLA,234.60000610351562,235.3333282470703,182.32666015625,208.4066619873047,1875527400
2021-06-30,TSLA,209.26666259765625,232.5399932861328,190.4066619873047,226.56666564941406,1559765700
2021-07-31,TSLA,227.97332763671875,233.3333282470703,206.82000732421875,229.06666564941406,1345349400
2021-08-31,TSLA,233.3333282470703,246.79666137695312,216.27999877929688,245.24000549316406,1143974700
2021-09-30,TSLA,244.69332885742188,266.3333435058594,236.28334045410156,258.49334716796875,1170513900
2021-10-31,TSLA,259.4666748046875,371.7366638183594,254.52999877929688,371.3333435058594,1586803800
2021-11-30,TSLA,381.6666564941406,414.4966735839844,326.20001220703125,381.586669921875,1947334500
2021-12-31,TSLA,386.8999938964844,390.9466552734375,295.3733215332031,352.260009765625,1530167700
2022-01-31,TSLA,382.5833435058594,402.6666564941406,264.0033264160156,312.239990234375,1916006400
2022-02-28,TSLA,311.7366638183594,315.92333984375,233.3333282470703,290.1433410644531,1391126700
2022-03-31,TSLA,289.8933410644531,371.5899963378906,252.01333618164062,359.20001220703125,1729272900
2022-04-30,TSLA,360.3833312988281,384.2900085449219,273.8999938964844,290.2533264160156,1520959800
2022-05-31,TSLA,286.92333984375,318.5,206.85667419433594,252.75332641601562,1948221600
2022-06-30,TSLA,251.72000122070312,264.2099914550781,208.69332885742188,224.47332763671875,2011227900
2022-07-31,TSLA,227.0,298.32000732421875,216.1666717529297,297.1499938964844,1744884000
2022-08-31,TSLA,301.27667236328125,314.6666564941406,271.80999755859375,275.6099853515625,1695263200
2022-09-30,TSLA,272.5799865722656,313.79998779296875,262.4700012207031,265.25,1299271000
2022-10-31,TSLA,254.5,257.5,198.58999633789062,227.5399932861328,1735263100
2022-11-30,TSLA,234.0500030517578,237.39999389648438,166.19000244140625,194.6999969482422,1885275300
2022-12-31,TSLA,197.0800018310547,198.9199981689453,108.23999786376953,123.18000030517578,2944247700
2023-01-31,TSLA,118.47000122070312,180.67999267578125,101.80999755859375,173.22000122070312,3897499400
2023-02-28,TSLA,173.88999938964844,217.64999389648438,169.92999267578125,205.7100067138672,3624845100
2023-03-31,TSLA,206.2100067138672,207.7899932861328,163.91000366210938,207.4600067138672,3311619900
2023-04-30,TSLA,199.91000366210938,202.69000244140625,152.3699951171875,164.30999755859375,2505176300
2023-05-31,TSLA,163.1699981689453,204.47999572753906,158.8300018310547,203.92999267578125,2682606200
2023-06-30,TSLA,202.58999633789062,276.989990234375,199.3699951171875,261.7699890136719,3442689200
2023-07-31,TSLA,276.489990234375,299.2900085449219,254.1199951171875,267.42999267578125,2393089100
2023-08-31,TSLA,266.260009765625,266.4700012207031,212.36000061035156,258.0799865722656,2502358000
2023-09-30,TSLA,257.260009765625,278.9800109863281,234.5800018310547,250.22000122070312,2440441700
2023-10-31,TSLA,244.80999755859375,268.94000244140625,194.07000732421875,200.83999633789062,2591021000
2023-11-30,TSLA,204.0399932861328,252.75,197.85000610351562,240.0800018310547,2651052200
2023-12-31,TSLA,233.13999938964844,265.1300048828125,228.1999969482422,248.47999572753906,2295511900
2024-01-31,TSLA,250.0800018310547,251.25,180.05999755859375,187.2899932861328,2344213400
2024-02-29,TSLA,188.5,205.60000610351562,175.00999450683594,201.8800048828125,2019844700
2024-03-31,TSLA,200.52000427246094,204.52000427246094,160.50999450683594,175.7899932861328,1899578200
2024-04-30,TSLA,176.1699981689453,198.8699951171875,138.8000030517578,183.27999877929688,2481452200
2024-05-31,TSLA,182.0,187.55999755859375,167.75,178.0800018310547,1668119300
2024-06-30,TSLA,178.1300048828125,203.1999969482422,167.41000366210938,197.8800048828125,1405077400
2024-07-31,TSLA,201.02000427246094,271.0,200.85000610351562,232.07000732421875,2946114300
2024-08-31,TSLA,227.69000244140625,231.8699951171875,182.0,214.11000061035156,1618373100
2024-09-30,TSLA,215.25999450683594,264.8599853515625,209.63999938964844,261.6300048828125,1611148200
2024-10-31,TSLA,262.6700134277344,273.5400085449219,212.11000061035156,249.85000610351562,1910807800
2024-11-30,TSLA,252.0399932861328,361.92999267578125,238.8800048828125,345.1600036621094,2091452000
2024-12-31,TSLA,352.3800048828125,488.5400085449219,348.20001220703125,403.8399963378906,1903365900
2025-01-31,TSLA,390.1000061035156,439.739990234375,373.0400085449219,404.6000061035156,1510371900
2025-02-28,TSLA,386.67999267578125,394.0,273.6000061035156,292.9800109863281,1581998600
2025-03-31,TSLA,300.3399963378906,303.94000244140625,217.02000427246094,259.1600036621094,2718957500
2025-04-30,TSLA,263.79998779296875,294.8599853515625,214.25,282.1600036621094,2957985600
2025-05-31,TSLA,280.010009765625,367.7099914550781,271.0,346.4599914550781,2195384900
2025-06-30,TSLA,343.5,357.5400085449219,273.2099914550781,317.6600036621094,2428761900
2025-07-31,TSLA,298.4599914550781,338.0,288.7699890136719,308.2699890136719,2157408700
2025-08-31,TSLA,306.2099914550781,355.3900146484375,297.82000732421875,333.8699951171875,1603195500
2025-09-30,TSLA,328.2300109863281,450.9800109863281,325.6000061035156,444.7200012207031,1973602100
2025-10-31,TSLA,443.79998779296875,470.75,411.45001220703125,456.55999755859375,2032095000
2025-11-30,TSLA,455.989990234375,474.07000732421875,382.7799987792969,430.1700134277344,1628434400
2025-12-31,TSLA,425.32000732421875,498.8299865722656,422.1199951171875,449.7200012207031,1635943900
2026-01-31,TSLA,457.79998779296875,458.3399963378906,414.6199951171875,430.4100036621094,1275015600
2026-02-28,TSLA,421.2900085449219,436.3500061035156,387.5299987792969,402.510009765625,1123487600
2026-03-31,TSLA,390.6000061035156,416.3800048828125,352.1400146484375,371.75,1362671900
2026-04-30,TSLA,378.6300048828125,409.2799987792969,337.239990234375,381.6300048828125,1416250300
2026-05-31,TSLA,382.489990234375,453.3999938964844,378.79998779296875,435.7900085449219,1051619600
2026-06-30,TSLA,427.489990234375,433.6000061035156,380.1499938964844,400.489990234375,682376500
2016-06-30,^TNX,1.6729999780654907,1.7480000257492065,1.4500000476837158,1.4880000352859497,0
2016-07-31,^TNX,1.4290000200271606,1.628000020980835,1.3359999656677246,1.4579999446868896,0
2016-08-31,^TNX,1.49399995803833,1.6349999904632568,1.475000023841858,1.5679999589920044,0
2016-09-30,^TNX,1.593999981880188,1.7519999742507935,1.5190000534057617,1.6080000400543213,0
2016-10-31,^TNX,1.600000023841858,1.878999948501587,1.5959999561309814,1.8339999914169312,0
2016-11-30,^TNX,1.847000002861023,2.4170000553131104,1.7710000276565552,2.368000030517578,0
2016-12-31,^TNX,2.4140000343322754,2.621000051498413,2.3459999561309814,2.446000099182129,0
2017-01-31,^TNX,2.510999917984009,2.555000066757202,2.309000015258789,2.4509999752044678,0
2017-02-28,^TNX,2.486999988555908,2.5239999294281006,2.313999891281128,2.3580000400543213,0
2017-03-31,^TNX,2.434999942779541,2.615000009536743,2.3480000495910645,2.3959999084472656,0
2017-04-30,^TNX,2.380000114440918,2.3910000324249268,2.177000045776367,2.2820000648498535,0
2017-05-31,^TNX,2.2909998893737793,2.4230000972747803,2.190999984741211,2.196000099182129,0
2017-06-30,^TNX,2.2290000915527344,2.305000066757202,2.1029999256134033,2.302000045776367,0
2017-07-31,^TNX,2.309000015258789,2.3959999084472656,2.2249999046325684,2.2920000553131104,0
2017-08-31,^TNX,2.305000066757202,2.321000099182129,2.0910000801086426,2.121000051498413,0
2017-09-30,^TNX,2.127000093460083,2.3440001010894775,2.0339999198913574,2.3259999752044678,0
2017-10-31,^TNX,2.3410000801086426,2.4749999046325684,2.2730000019073486,2.375999927520752,0
2017-11-30,^TNX,2.3980000019073486,2.437000036239624,2.303999900817871,2.4170000553131104,0
2017-12-31,^TNX,2.382999897003174,2.499000072479248,2.313999891281128,2.4049999713897705,0
2018-01-31,^TNX,2.433000087738037,2.753999948501587,2.424999952316284,2.7200000286102295,0
2018-02-28,^TNX,2.743000030517578,2.943000078201294,2.7219998836517334,2.868000030517578,0
2018-03-31,^TNX,2.8310000896453857,2.936000108718872,2.739000082015991,2.740999937057495,0
2018-04-30,^TNX,2.763000011444092,3.0350000858306885,2.7170000076293945,2.936000108718872,0
2018-05-31,^TNX,2.9660000801086426,3.115000009536743,2.759000062942505,2.822000026702881,0
2018-06-30,^TNX,2.9000000953674316,3.009000062942505,2.8239998817443848,2.8489999771118164,0
2018-07-31,^TNX,2.8289999961853027,2.990000009536743,2.811000108718872,2.9639999866485596,0
2018-08-31,^TNX,2.992000102996826,3.0160000324249268,2.808000087738037,2.8529999256134033,0
2018-09-30,^TNX,2.86899995803833,3.109999895095825,2.868000030517578,3.055999994277954,0
2018-10-31,^TNX,3.0859999656677246,3.247999906539917,3.0460000038146973,3.1589999198913574,0
2018-11-30,^TNX,3.1640000343322754,3.239000082015991,3.007999897003174,3.013000011444092,0
2018-12-31,^TNX,3.0409998893737793,3.0409998893737793,2.678999900817871,2.686000108718872,0
2019-01-31,^TNX,2.6519999504089355,2.7990000247955322,2.553999900817871,2.634999990463257,0
2019-02-28,^TNX,2.63100004196167,2.7339999675750732,2.625,2.7109999656677246,0
2019-03-31,^TNX,2.736999988555908,2.759000062942505,2.3559999465942383,2.4140000343322754,0
2019-04-30,^TNX,2.441999912261963,2.614000082015991,2.4240000247955322,2.509000062942505,0
2019-05-31,^TNX,2.503999948501587,2.5759999752044678,2.13700008392334,2.1419999599456787,0
2019-06-30,^TNX,2.111999988555908,2.1740000247955322,1.975000023841858,2.0,0
2019-07-31,^TNX,2.0260000228881836,2.1480000019073486,1.9429999589920044,2.0209999084472656,0
2019-08-31,^TNX,2.0280001163482666,2.0280001163482666,1.4459999799728394,1.50600004196167,0
2019-09-30,^TNX,1.4830000400543213,1.902999997138977,1.4290000200271606,1.6749999523162842,0
2019-10-31,^TNX,1.7269999980926514,1.8600000143051147,1.5099999904632568,1.690999984741211,0
2019-11-30,^TNX,1.6770000457763672,1.9709999561309814,1.6699999570846558,1.7760000228881836,0
2019-12-31,^TNX,1.8329999446868896,1.9490000009536743,1.6929999589920044,1.9190000295639038,0
2020-01-31,^TNX,1.902999997138977,1.902999997138977,1.5119999647140503,1.5199999809265137,0
2020-02-29,^TNX,1.5549999475479126,1.6679999828338623,1.1269999742507935,1.1269999742507935,0
2020-03-31,^TNX,1.0670000314712524,1.2660000324249268,0.39800000190734863,0.6980000138282776,0
2020-04-30,^TNX,0.6100000143051147,0.7839999794960022,0.5429999828338623,0.621999979019165,0
2020-05-31,^TNX,0.6129999756813049,0.7450000047683716,0.5899999737739563,0.6480000019073486,0
2020-06-30,^TNX,0.6669999957084656,0.9570000171661377,0.6190000176429749,0.652999997138977,0
2020-07-31,^TNX,0.6809999942779541,0.7239999771118164,0.527999997138977,0.5360000133514404,0
2020-08-31,^TNX,0.5590000152587891,0.7459999918937683,0.5040000081062317,0.6930000185966492,0
2020-09-30,^TNX,0.7200000286102295,0.7289999723434448,0.6060000061988831,0.6769999861717224,0
2020-10-31,^TNX,0.7009999752044678,0.871999979019165,0.652999997138977,0.8600000143051147,0
2020-11-30,^TNX,0.8539999723434448,0.9750000238418579,0.7480000257492065,0.843999981880188,0
2020-12-31,^TNX,0.8569999933242798,0.9860000014305115,0.8569999933242798,0.9169999957084656,0
2021-01-31,^TNX,0.9350000023841858,1.187000036239624,0.9070000052452087,1.093000054359436,0
2021-02-28,^TNX,1.0789999961853027,1.6139999628067017,1.059999942779541,1.4600000381469727,0
2021-03-31,^TNX,1.4509999752044678,1.7649999856948853,1.402999997138977,1.746000051498413,0
2021-04-30,^TNX,1.7050000429153442,1.7450000047683716,1.5290000438690186,1.63100004196167,0
2021-05-31,^TNX,1.6510000228881836,1.7000000476837158,1.4709999561309814,1.5809999704360962,0
2021-06-30,^TNX,1.625,1.6390000581741333,1.437999963760376,1.4429999589920044,0
2021-07-31,^TNX,1.4709999561309814,1.4850000143051147,1.128000020980835,1.2389999628067017,0
2021-08-31,^TNX,1.2309999465942383,1.378999948501587,1.128999948501587,1.3040000200271606,0
2021-09-30,^TNX,1.3109999895095825,1.5670000314712524,1.2599999904632568,1.5290000438690186,0
2021-10-31,^TNX,1.496000051498413,1.690999984741211,1.4630000591278076,1.5570000410079956,0
2021-11-30,^TNX,1.5870000123977661,1.6929999589920044,1.4119999408721924,1.4429999589920044,0
2021-12-31,^TNX,1.4819999933242798,1.5579999685287476,1.343000054359436,1.5119999647140503,0
2022-01-31,^TNX,1.534000039100647,1.8739999532699585,1.5329999923706055,1.781999945640564,0
2022-02-28,^TNX,1.75,2.065000057220459,1.7430000305175781,1.8389999866485596,0
2022-03-31,^TNX,1.7339999675750732,2.503000020980835,1.6820000410079956,2.3269999027252197,0
2022-04-30,^TNX,2.4040000438690186,2.9539999961853027,2.3570001125335693,2.88700008392334,0
2022-05-31,^TNX,2.921999931335449,3.1670000553131104,2.7079999446868896,2.8440001010894775,0
2022-06-30,^TNX,2.871000051498413,3.4830000400543213,2.8329999446868896,2.9719998836517334,0
2022-07-31,^TNX,2.931999921798706,3.1010000705718994,2.618000030517578,2.6419999599456787,0
2022-08-31,^TNX,2.6579999923706055,3.1510000228881836,2.5250000953674316,3.132999897003174,0
2022-09-30,^TNX,3.2170000076293945,3.992000102996826,3.1760001182556152,3.803999900817871,0
2022-10-31,^TNX,3.7119998931884766,4.333000183105469,3.563999891281128,4.077000141143799,0
2022-11-30,^TNX,3.937000036239624,4.2230000495910645,3.6679999828338623,3.703000068664551,0
2022-12-31,^TNX,3.5940001010894775,3.9049999713897705,3.4019999504089355,3.878999948501587,0
2023-01-31,^TNX,3.757999897003174,3.809999942779541,3.372999906539917,3.5290000438690186,0
2023-02-28,^TNX,3.4749999046325684,3.9830000400543213,3.3340001106262207,3.9159998893737793,0
2023-03-31,^TNX,3.940000057220459,4.091000080108643,3.2950000762939453,3.49399995803833,0
2023-04-30,^TNX,3.5169999599456787,3.6389999389648438,3.253000020980835,3.4519999027252197,0
2023-05-31,^TNX,3.500999927520752,3.8589999675750732,3.2960000038146973,3.63700008392334,0
2023-06-30,^TNX,3.6500000953674316,3.871999979019165,3.569999933242798,3.819000005722046,0
2023-07-31,^TNX,3.864000082015991,4.093999862670898,3.734999895095825,3.9590001106262207,0
2023-08-31,^TNX,4.000999927520752,4.361999988555908,3.9570000171661377,4.0929999351501465,0
2023-09-30,^TNX,4.0970001220703125,4.688000202178955,4.059999942779541,4.572999954223633,0
2023-10-31,^TNX,4.63100004196167,4.997000217437744,4.5320000648498535,4.875,0
2023-11-30,^TNX,4.89300012588501,4.9029998779296875,4.252999782562256,4.3520002365112305,0
2023-12-31,^TNX,4.320000171661377,4.3480000495910645,3.7850000858306885,3.865999937057495,0
2024-01-31,^TNX,3.9690001010894775,4.197999954223633,3.8940000534057617,3.9670000076293945,0
2024-02-29,^TNX,3.927000045776367,4.354000091552734,3.816999912261963,4.251999855041504,0
2024-03-31,^TNX,4.26800012588501,4.3480000495910645,4.038000106811523,4.205999851226807,0
2024-04-30,^TNX,4.234000205993652,4.736999988555908,4.234000205993652,4.685999870300293,0
2024-05-31,^TNX,4.670000076293945,4.676000118255615,4.318999767303467,4.513999938964844,0
2024-06-30,^TNX,4.4730000495910645,4.479000091552734,4.188000202178955,4.3429999351501465,0
2024-07-31,^TNX,4.423999786376953,4.493000030517578,4.091000080108643,4.109000205993652,0
2024-08-31,^TNX,4.052999973297119,4.052999973297119,3.6689999103546143,3.9110000133514404,0
2024-09-30,^TNX,3.9149999618530273,3.9230000972747803,3.6029999256134033,3.802000045776367,0
2024-10-31,^TNX,3.744999885559082,4.339000225067139,3.696000099182129,4.283999919891357,0
2024-11-30,^TNX,4.307000160217285,4.505000114440918,4.171999931335449,4.177999973297119,0
2024-12-31,^TNX,4.206999778747559,4.640999794006348,4.125999927520752,4.572999954223633,0
2025-01-31,^TNX,4.520999908447266,4.809000015258789,4.48799991607666,4.568999767303467,0
2025-02-28,^TNX,4.50600004196167,4.659999847412109,4.214000225067139,4.230999946594238,0
2025-03-31,^TNX,4.254000186920166,4.38700008392334,4.105999946594238,4.245999813079834,0
2025-04-30,^TNX,4.158999919891357,4.5920000076293945,3.885999917984009,4.177000045776367,0
2025-05-31,^TNX,4.150000095367432,4.629000186920166,4.124000072479248,4.415999889373779,0
2025-06-30,^TNX,4.438000202178955,4.51800012588501,4.230000019073486,4.230000019073486,0
2025-07-31,^TNX,4.206999778747559,4.493000030517578,4.204999923706055,4.360000133514404,0
2025-08-31,^TNX,4.4039998054504395,4.4079999923706055,4.188000202178955,4.2270002365112305,0
2025-09-30,^TNX,4.297999858856201,4.306000232696533,3.992000102996826,4.1479997634887695,0
2025-10-31,^TNX,4.107999801635742,4.171000003814697,3.947000026702881,4.10099983215332,0
2025-11-30,^TNX,4.105999946594238,4.1620001792907715,3.98799991607666,4.017000198364258,0
2025-12-31,^TNX,4.050000190734863,4.203999996185303,4.050000190734863,4.163000106811523,0
2026-01-31,^TNX,4.160999774932861,4.310999870300293,4.124000072479248,4.241000175476074,0
2026-02-28,^TNX,4.236000061035156,4.300000190734863,3.9560000896453857,3.9619998931884766,0
2026-03-31,^TNX,3.997999906539917,4.484000205993652,3.996000051498413,4.310999870300293,0
2026-04-30,^TNX,4.293000221252441,4.432000160217285,4.22599983215332,4.389999866485596,0
2026-05-31,^TNX,4.368000030517578,4.686999797821045,4.314000129699707,4.453000068664551,0
2026-06-30,^TNX,4.456999778747559,4.559999942779541,4.420000076293945,4.451000213623047,0
2016-06-30,^VIX,17.420000076293945,26.719999313354492,15.289999961853027,15.630000114440918,0
2016-07-31,^VIX,15.59000015258789,17.040000915527344,11.399999618530273,11.869999885559082,0
2016-08-31,^VIX,11.890000343322754,14.930000305175781,11.020000457763672,13.420000076293945,0
2016-09-30,^VIX,13.069999694824219,20.510000228881836,11.649999618530273,13.289999961853027,0
2016-10-31,^VIX,13.75,17.950000762939453,12.210000038146973,17.059999465942383,0
2016-11-30,^VIX,16.540000915527344,23.010000228881836,12.15999984741211,13.329999923706055,0
2016-12-31,^VIX,13.399999618530273,14.720000267028809,10.930000305175781,14.039999961853027,0
2017-01-31,^VIX,14.069999694824219,14.069999694824219,10.300000190734863,11.989999771118164,0
2017-02-28,^VIX,11.789999961853027,12.960000038146973,9.970000267028809,12.920000076293945,0
2017-03-31,^VIX,12.3100004196167,15.109999656677246,10.600000381469727,12.369999885559082,0
2017-04-30,^VIX,12.59000015258789,16.280000686645508,10.220000267028809,10.819999694824219,0
2017-05-31,^VIX,10.920000076293945,16.299999237060547,9.5600004196167,10.40999984741211,0
2017-06-30,^VIX,10.420000076293945,15.15999984741211,9.369999885559082,11.180000305175781,0
2017-07-31,^VIX,11.069999694824219,13.050000190734863,8.84000015258789,10.260000228881836,0
2017-08-31,^VIX,10.1899995803833,17.280000686645508,9.520000457763672,10.59000015258789,0
2017-09-30,^VIX,10.329999923706055,14.0600004196167,9.359999656677246,9.510000228881836,0
2017-10-31,^VIX,9.59000015258789,13.199999809265137,9.109999656677246,10.180000305175781,0
2017-11-30,^VIX,9.789999961853027,14.510000228881836,8.5600004196167,11.279999732971191,0
2017-12-31,^VIX,11.1899995803833,14.579999923706055,8.899999618530273,11.039999961853027,0
2018-01-31,^VIX,10.949999809265137,15.420000076293945,8.920000076293945,13.539999961853027,0
2018-02-28,^VIX,13.050000190734863,50.29999923706055,12.5,19.850000381469727,0
2018-03-31,^VIX,19.959999084472656,26.219999313354492,13.3100004196167,19.969999313354492,0
2018-04-30,^VIX,21.06999969482422,25.719999313354492,14.569999694824219,15.930000305175781,0
2018-05-31,^VIX,16.0,18.780000686645508,10.90999984741211,15.430000305175781,0
2018-06-30,^VIX,14.920000076293945,19.610000610351562,11.220000267028809,16.09000015258789,0
2018-07-31,^VIX,17.700000762939453,18.079999923706055,11.4399995803833,12.829999923706055,0
2018-08-31,^VIX,13.09000015258789,16.860000610351562,10.170000076293945,12.859999656677246,0
2018-09-30,^VIX,13.130000114440918,15.630000114440918,11.100000381469727,12.119999885559082,0
2018-10-31,^VIX,11.989999771118164,28.84000015258789,11.34000015258789,21.229999542236328,0
2018-11-30,^VIX,20.959999084472656,23.809999465942383,16.09000015258789,18.06999969482422,0
2018-12-31,^VIX,16.040000915527344,36.20000076293945,15.9399995803833,25.420000076293945,0
2019-01-31,^VIX,27.540000915527344,28.530000686645508,16.540000915527344,16.56999969482422,0
2019-02-28,^VIX,16.6299991607666,17.889999389648438,13.4399995803833,14.779999732971191,0
2019-03-31,^VIX,14.569999694824219,18.329999923706055,12.369999885559082,13.710000038146973,0
2019-04-30,^VIX,13.899999618530273,14.390000343322754,11.029999732971191,13.119999885559082,0
2019-05-31,^VIX,12.859999656677246,23.3799991607666,12.739999771118164,18.709999084472656,0
2019-06-30,^VIX,19.40999984741211,19.75,13.1899995803833,15.079999923706055,0
2019-07-31,^VIX,13.850000381469727,16.549999237060547,11.6899995803833,16.1200008392334,0
2019-08-31,^VIX,15.40999984741211,24.809999465942383,13.729999542236328,18.979999542236328,0
2019-09-30,^VIX,20.959999084472656,21.149999618530273,13.3100004196167,16.239999771118164,0
2019-10-31,^VIX,16.020000457763672,21.459999084472656,12.270000457763672,13.220000267028809,0
2019-11-30,^VIX,12.5,14.170000076293945,11.420000076293945,12.619999885559082,0
2019-12-31,^VIX,12.6899995803833,17.989999771118164,11.710000038146973,13.779999732971191,0
2020-01-31,^VIX,13.460000038146973,19.989999771118164,11.75,18.84000015258789,0
2020-02-29,^VIX,18.639999389648438,49.47999954223633,13.380000114440918,40.11000061035156,0
2020-03-31,^VIX,38.540000915527344,85.47000122070312,24.93000030517578,53.540000915527344,0
2020-04-30,^VIX,57.380001068115234,60.59000015258789,30.540000915527344,34.150001525878906,0
2020-05-31,^VIX,38.16999816894531,40.31999969482422,25.920000076293945,27.510000228881836,0
2020-06-30,^VIX,28.940000534057617,44.439998626708984,23.540000915527344,30.43000030517578,0
2020-07-31,^VIX,30.959999084472656,33.66999816894531,23.549999237060547,24.459999084472656,0
2020-08-31,^VIX,25.75,27.09000015258789,20.280000686645508,26.40999984741211,0
2020-09-30,^VIX,25.860000610351562,38.279998779296875,24.84000015258789,26.3700008392334,0
2020-10-31,^VIX,25.780000686645508,41.15999984741211,24.030000686645508,38.02000045776367,0
2020-11-30,^VIX,38.56999969482422,38.779998779296875,19.510000228881836,20.56999969482422,0
2020-12-31,^VIX,20.209999084472656,31.459999084472656,19.969999313354492,22.75,0
2021-01-31,^VIX,23.040000915527344,37.5099983215332,21.09000015258789,33.09000015258789,0
2021-02-28,^VIX,31.450000762939453,33.959999084472656,19.690000534057617,27.950000762939453,0
2021-03-31,^VIX,25.200000762939453,31.899999618530273,18.68000030517578,19.399999618530273,0
2021-04-30,^VIX,18.600000381469727,19.899999618530273,15.380000114440918,18.610000610351562,0
2021-05-31,^VIX,18.649999618530273,28.93000030517578,15.899999618530273,16.760000228881836,0
2021-06-30,^VIX,17.239999771118164,21.81999969482422,14.100000381469727,15.829999923706055,0
2021-07-31,^VIX,15.619999885559082,25.09000015258789,14.25,18.239999771118164,0
2021-08-31,^VIX,18.15999984741211,24.739999771118164,15.1899995803833,16.479999542236328,0
2021-09-30,^VIX,16.059999465942383,28.790000915527344,15.680000305175781,23.139999389648438,0
2021-10-31,^VIX,24.780000686645508,24.889999389648438,14.84000015258789,16.260000228881836,0
2021-11-30,^VIX,16.850000381469727,28.989999771118164,14.729999542236328,27.190000534057617,0
2021-12-31,^VIX,24.920000076293945,35.31999969482422,16.6200008392334,17.219999313354492,0
2022-01-31,^VIX,17.600000381469727,38.939998626708984,16.34000015258789,24.829999923706055,0
2022-02-28,^VIX,24.56999969482422,37.790000915527344,19.93000030517578,30.149999618530273,0
2022-03-31,^VIX,29.450000762939453,37.52000045776367,18.670000076293945,20.559999465942383,0
2022-04-30,^VIX,20.6200008392334,34.34000015258789,18.450000762939453,33.400001525878906,0
2022-05-31,^VIX,33.349998474121094,36.63999938964844,24.940000534057617,26.190000534057617,0
2022-06-30,^VIX,26.049999237060547,35.04999923706055,23.739999771118164,28.709999084472656,0
2022-07-31,^VIX,29.530000686645508,29.81999969482422,21.209999084472656,21.329999923706055,0
2022-08-31,^VIX,22.40999984741211,27.690000534057617,19.1200008392334,25.8700008392334,0
2022-09-30,^VIX,26.8799991607666,34.880001068115234,22.639999389648438,31.6200008392334,0
2022-10-31,^VIX,33.0,34.529998779296875,25.75,25.8799991607666,0
2022-11-30,^VIX,25.959999084472656,26.8700008392334,20.309999465942383,20.579999923706055,0
2022-12-31,^VIX,20.829999923706055,25.84000015258789,18.950000762939453,21.670000076293945,0
2023-01-31,^VIX,23.09000015258789,23.760000228881836,17.969999313354492,19.399999618530273,0
2023-02-28,^VIX,19.6200008392334,23.6299991607666,17.059999465942383,20.700000762939453,0
2023-03-31,^VIX,20.389999389648438,30.809999465942383,18.15999984741211,18.700000762939453,0
2023-04-30,^VIX,19.790000915527344,20.079999923706055,15.720000267028809,15.779999732971191,0
2023-05-31,^VIX,16.40999984741211,21.329999923706055,15.529999732971191,17.940000534057617,0
2023-06-30,^VIX,17.239999771118164,17.59000015258789,12.729999542236328,13.59000015258789,0
2023-07-31,^VIX,13.850000381469727,17.079999923706055,12.739999771118164,13.630000114440918,0
2023-08-31,^VIX,13.75,18.8799991607666,13.4399995803833,13.569999694824219,0
2023-09-30,^VIX,13.5600004196167,19.709999084472656,12.680000305175781,17.520000457763672,0
2023-10-31,^VIX,17.309999465942383,23.079999923706055,15.4399995803833,18.139999389648438,0
2023-11-30,^VIX,18.020000457763672,18.420000076293945,12.449999809265137,12.920000076293945,0
2023-12-31,^VIX,12.9399995803833,14.489999771118164,11.8100004196167,12.449999809265137,0
2024-01-31,^VIX,13.220000267028809,15.399999618530273,12.350000381469727,14.350000381469727,0
2024-02-29,^VIX,14.210000038146973,17.940000534057617,12.6899995803833,13.399999618530273,0
2024-03-31,^VIX,13.34000015258789,16.040000915527344,12.399999618530273,13.010000228881836,0
2024-04-30,^VIX,13.609999656677246,21.360000610351562,13.550000190734863,15.649999618530273,0
2024-05-31,^VIX,15.75,16.219999313354492,11.520000457763672,12.920000076293945,0
2024-06-30,^VIX,13.079999923706055,14.3100004196167,11.869999885559082,12.4399995803833,0
2024-07-31,^VIX,12.979999542236328,19.360000610351562,10.619999885559082,16.360000610351562,0
2024-08-31,^VIX,16.200000762939453,65.7300033569336,14.460000038146973,15.0,0
2024-09-30,^VIX,15.760000228881836,23.760000228881836,14.899999618530273,16.729999542236328,0
2024-10-31,^VIX,16.959999084472656,23.420000076293945,16.610000610351562,23.15999984741211,0
2024-11-30,^VIX,22.959999084472656,23.09000015258789,13.489999771118164,13.510000228881836,0
2024-12-31,^VIX,14.079999923706055,28.31999969482422,12.699999809265137,17.350000381469727,0
2025-01-31,^VIX,17.209999084472656,22.510000228881836,14.579999923706055,16.43000030517578,0
2025-02-28,^VIX,20.360000610351562,22.399999618530273,14.739999771118164,19.6299991607666,0
2025-03-31,^VIX,19.829999923706055,29.56999969482422,16.969999313354492,22.280000686645508,0
2025-04-30,^VIX,22.059999465942383,60.130001068115234,20.68000030517578,24.700000762939453,0
2025-05-31,^VIX,23.940000534057617,25.6200008392334,17.149999618530273,18.56999969482422,0
2025-06-30,^VIX,19.809999465942383,22.510000228881836,16.110000610351562,16.729999542236328,0
2025-07-31,^VIX,16.979999542236328,19.479999542236328,14.699999809265137,16.719999313354492,0
2025-08-31,^VIX,17.399999618530273,21.899999618530273,14.119999885559082,15.359999656677246,0
2025-09-30,^VIX,16.649999618530273,19.3799991607666,14.329999923706055,16.280000686645508,0
2025-10-31,^VIX,17.280000686645508,28.989999771118164,15.619999885559082,17.440000534057617,0
2025-11-30,^VIX,18.059999465942383,28.270000457763672,15.779999732971191,16.350000381469727,0
2025-12-31,^VIX,18.049999237060547,18.329999923706055,13.380000114440918,14.949999809265137,0
2026-01-31,^VIX,14.850000381469727,20.989999771118164,14.430000305175781,17.440000534057617,0
2026-02-28,^VIX,19.950000762939453,23.100000381469727,16.049999237060547,19.860000610351562,0
2026-03-31,^VIX,24.65999984741211,35.29999923706055,20.280000686645508,25.25,0
2026-04-30,^VIX,24.299999237060547,28.0,16.8700008392334,16.889999389648438,0
2026-05-31,^VIX,17.010000228881836,19.440000534057617,15.220000267028809,15.319999694824219,0
2026-06-30,^VIX,15.880000114440918,23.34000015258789,15.180000305175781,16.399999618530273,0
